{
  "lookback": 30,
  "horizon": 7,
  "scaler": {
    "min": 0.0,
    "max": 26299.169921875
  },
  "metrics": {
    "mae": 1085.349609375,
    "rmse": 1404.2400969919638,
    "mape": 340.72137451171875
  }
}