{
  "input_dim": 20,
  "feature_names": [
    "log_amount",
    "cat_groceries",
    "cat_dining",
    "cat_transport",
    "cat_utilities",
    "cat_entertainment",
    "cat_healthcare",
    "cat_shopping",
    "cat_rent",
    "cat_salary",
    "cat_freelance",
    "cat_transfer",
    "cat_other",
    "dow_sin",
    "dow_cos",
    "dom_sin",
    "dom_cos",
    "hour_sin",
    "hour_cos",
    "is_expense"
  ],
  "scaler": {
    "feature_names": [
      "log_amount",
      "cat_groceries",
      "cat_dining",
      "cat_transport",
      "cat_utilities",
      "cat_entertainment",
      "cat_healthcare",
      "cat_shopping",
      "cat_rent",
      "cat_salary",
      "cat_freelance",
      "cat_transfer",
      "cat_other",
      "dow_sin",
      "dow_cos",
      "dom_sin",
      "dom_cos",
      "hour_sin",
      "hour_cos",
      "is_expense"
    ],
    "mean": [
      5.043002300462025,
      0.15724489795918367,
      0.18040816326530612,
      0.10040816326530612,
      0.08591836734693878,
      0.07551020408163266,
      0.039285714285714285,
      0.11520408163265305,
      0.030816326530612243,
      0.04816326530612245,
      0.020816326530612245,
      0.08020408163265307,
      0.0660204081632653,
      0.004366488708109147,
      -0.006188731829982016,
      0.012114817029772088,
      -0.0037977065030710432,
      0.0,
      1.0,
      0.9310204081632653
    ],
    "std": [
      1.4796038684657056,
      0.3640315096595205,
      0.38452705742580034,
      0.30054344779913894,
      0.2802434682546147,
      0.26421281793505563,
      0.19427389669941642,
      0.31926807107481026,
      0.1728197921239663,
      0.21411110475912856,
      0.14276906906043468,
      0.27160888594100857,
      0.24831776792896065,
      0.7079539616969429,
      0.7062179702416967,
      0.7139499664597864,
      0.7000816052616449,
      1.0,
      1.0,
      0.2534194304838762
    ]
  },
  "threshold": 0.007321040966174447,
  "normal_error_mean": 0.001553433441167715,
  "normal_error_std": 0.004787504186348764,
  "metrics": {
    "auc_roc": 0.8696122448979593,
    "best_f1": 0.6296296296296297
  }
}